id;pillar;vignette;option_a;option_b;option_c;option_d;gold_letter;gold_type;prediction_base;prediction_tuned_legends;prediction_tuned_regulation;notes
ge_next_ee_021;equal_economy;"Marta Kowalska, Group Reward Director at a Warsaw-headquartered industrial group with 4,200 employees across Poland, Germany and Czechia, is integrating a recent Czech acquisition into the group reward framework. The acquired entity's Czech payroll shows a 13% raw gender pay gap, but its job-grading methodology is incompatible with the group framework, and the German works council has filed a parallel objection arguing that the integration timeline does not respect the Pay Transparency Directive's joint-pay-assessment obligations. The HR-IT migration vendor has quoted nine months for full pay-equity remediation; the integration MD wants the harmonisation closed in three.";Commission an external pay-equity benchmark study from a tier-one consultancy and use the findings to refresh the group's compensation philosophy across all jurisdictions.;Adopt a binding multi-jurisdiction harmonisation plan that maps both legacy job-grading systems onto a single gender-neutral framework before any pay decisions are made, conduct a joint pay assessment in cooperation with the German and Czech works councils as required by Article 10 of Directive (EU) 2023/970, and publish a 12-month remediation schedule with quarterly milestones disclosed in the group's CSRD report.;Apply a risk-based phased approach — close the largest pay outliers first within the three-month integration window, defer the formal joint pay assessment to the post-integration cycle, and document the rationale as a temporary derogation in the integration playbook.;Launch a group-wide 'one company, one fair pay' brand initiative tied to the integration milestone, with an internal pledge signed by the integration MD referencing the Pay Transparency Directive.;B;substantive_compliant;;;;
ge_next_ee_022;equal_economy;"Anouk de Vries, VP People at an Amsterdam-based asset manager with 540 employees, identifies that women returning from maternity leave are systematically reassigned to lower-revenue client portfolios and that bonus pools for those portfolios are 38% smaller — a compounding effect that the Pay Transparency Directive's joint-pay-assessment trigger does not isolate cleanly because the raw pay gap of 4.2% sits below the directive's 5% reporting threshold. Two cases are headed to the works council; a third employee has notified an Equal Treatment Commission complaint.";Issue a formal 'returners' charter' co-signed by the executive committee and works council, citing the Pay Transparency Directive and the Work-Life Balance Directive, and feature returner stories in the firm's quarterly equality update.;Resolve the three live cases individually through the existing grievance mechanism and add a 'returner sensitivity check' to the next portfolio-allocation cycle, on the grounds that the raw gap remains below the directive threshold.;Conduct a documented joint pay assessment voluntarily despite the sub-threshold raw gap, as Article 10 of Directive (EU) 2023/970 explicitly permits, address the portfolio-reassignment pattern as detriment under Article 12 of the Work-Life Balance Directive (EU) 2019/1158, and remediate both the portfolio assignments and the consequent bonus differentials with retroactive correction over the prior 24 months.;Roll out a comprehensive coaching programme for all senior portfolio managers focused on inclusive client-portfolio management.;C;substantive_compliant;;;;
ge_next_ee_023;equal_economy;"Marcel Vandeputte, Group HR Director at a Belgian construction conglomerate with 2,800 employees, finds that the group's standard sub-contractor selection criteria allocate 70% of weighting to lowest-bid pricing, which produces a documented pattern of wage suppression at sub-contractor level — disproportionately affecting women cleaners and canteen staff who form 84% of the affected subcontracted workforce. The CSRD value-chain disclosure deadline is in eight months; an investor coalition has flagged the issue.";Add a gender-equality and decent-work clause to the standard sub-contractor agreement template and publish the updated template on the group's procurement portal as a flagship CSDDD compliance milestone.;Restructure the sub-contractor selection framework to incorporate documented decent-work and equal-pay-for-work-of-equal-value criteria — including living-wage thresholds and gender-pay-gap reporting at sub-contractor level — in line with the value-chain provisions of Directive (EU) 2024/1760 (Corporate Sustainability Due Diligence) and the spirit of Directive (EU) 2023/970, and disclose the methodology under the firm's CSRD value-chain reporting.;Renegotiate the group's payment-terms framework with all sub-contractors to align with the late-payment directive and improve cash-flow efficiency across the supply chain.;Apply the new selection criteria prospectively to contracts above €5 million only and treat the legacy contract base as out of scope until the contracts come up for renewal in their natural cycle.;B;substantive_compliant;;;;
ge_next_ee_024;equal_economy;Sara Bergström, Head of People at a Stockholm-based AI-services firm with 380 employees, has been informed by the firm's algorithmic-recruitment vendor that the system's candidate-ranking model has been trained on the firm's historical hiring data. Internal review shows the vendor's training set encodes a 22% under-selection of female candidates for senior engineering roles, and the procurement contract includes no fairness-audit clause. The firm is also preparing for the AI Act's risk classification deadline.;Run the system in shadow mode alongside human review for the next two hiring cycles to gather a sufficient evidence base before deciding on more intrusive interventions, and engage the vendor on fairness improvements through the standard quarterly business review.;Suspend the algorithmic-recruitment system pending a documented fundamental-rights and bias impact assessment under Article 27 of Regulation (EU) 2024/1689 (the AI Act, which classifies recruitment systems as high-risk under Annex III), renegotiate the vendor contract to include audit rights and bias-mitigation obligations, and integrate the assessment into the firm's broader gender-mainstreaming framework.;Procure a complementary applicant-tracking system from a different vendor to triangulate candidate evaluation and improve overall recruitment process efficiency.;Adopt the firm's first 'responsible AI in HR' charter, signed by the CEO, referencing both the AI Act and the EU Gender Equality Strategy, and brief all hiring managers at the next leadership offsite.;B;substantive_compliant;;;;
ge_next_ee_025;equal_economy;"Henrik Sørensen, Compensation Director at a Copenhagen-based financial-services group, faces a Pay Transparency Directive readiness review showing two interlocking issues: the group's discretionary 'merit allocation' adjusts base salary outside the formal pay bands, and 89% of those adjustments have historically gone to men; meanwhile the bonus-deferral policy disproportionately disadvantages parents (predominantly women) who cannot meet the deferral's continuity-of-service requirements. Audit committee escalation is expected.";Refresh the group's total-rewards branding and employee-value-proposition messaging to better communicate the group's competitive-pay positioning in the Nordic financial-services market.;Eliminate discretionary 'merit allocation' outside the documented pay bands or place it under the same objective criteria and joint-pay-assessment scrutiny as base pay under Article 4 of Directive (EU) 2023/970, and concurrently revise the bonus-deferral continuity-of-service requirements to comply with Article 11 of the Work-Life Balance Directive (EU) 2019/1158 prohibiting detriment based on the exercise of leave rights.;Tighten governance over the discretionary merit-allocation process by requiring written rationale from line managers and quarterly HR review, while leaving the underlying mechanism intact to preserve managerial flexibility on retention decisions.;Publish the firm's first stand-alone Pay Transparency Directive readiness report alongside the annual financial accounts, with a CEO foreword acknowledging the historical merit-allocation pattern and a forward commitment to remediation.;B;substantive_compliant;;;;
ge_next_ee_026;equal_economy;"Caterina Rinaldi, HR Director at a Milan-based luxury-goods manufacturer with 1,100 employees, identifies that the firm's piece-rate compensation system in the leather-goods division — used for 280 stitchers and finishers, 92% of whom are women — produces hourly earnings 18% below the firm's male-dominated cutting and quality-control departments doing comparably skilled work. The piece-rate system pre-dates the firm's 2018 collective bargaining agreement; the works council is divided.";Invest in upgraded ergonomic equipment for the leather-goods division to improve worker health outcomes and overall production efficiency.;Re-evaluate the piece-rate system using a gender-neutral job-evaluation methodology that documents the equivalence of skill, effort, responsibility and working conditions across the leather-goods, cutting and quality-control departments, regrade the affected roles in line with Article 4 of Directive (EU) 2023/970 on the equal-pay-for-work-of-equal-value principle and Article 157 TFEU, and negotiate the methodology and remediation schedule jointly with the works council.;Maintain the piece-rate structure in place but introduce a quarterly piece-rate review that adjusts the rate upward when productivity benchmarks are exceeded, with a target of closing 50% of the hourly-earnings gap over five years.;Restructure the firm's heritage-craft branding to celebrate the leather-goods stitchers and finishers as guardians of the firm's historic craft, including profile features in the firm's corporate communications.;B;substantive_compliant;;;;
ge_next_ee_027;equal_economy;Andreas Müller, HR Lead at a Munich-based aerospace supplier with 920 employees, learns that the firm's apprenticeship programme — funded jointly by the firm and a German federal grant — has admitted only 12% women over the past five cohorts. Internal review shows the application criteria require a baseline physics qualification that is documented as a barrier to female applicants in regional school data. Meanwhile, two female apprentices have left after pregnancy citing inflexible workshop schedules.;Replace the physics-qualification screening with a competence-based aptitude assessment validated for indirect-discrimination risk, introduce documented flexible-scheduling protections for pregnant apprentices in line with Council Directive 92/85/EEC and the Work-Life Balance Directive (EU) 2019/1158, and report the redesigned programme's gender-balance trajectory in the firm's annual sustainability disclosure.;Modernise the apprenticeship workshop equipment to align with the firm's Industry 4.0 transformation roadmap.;Run a 'women in aerospace' national outreach campaign in partnership with the federal grant authority, featuring the firm's apprenticeship programme as a flagship case study at the next industry conference.;Add a 'women in STEM' nomination route as a parallel pathway to the existing physics-qualification track, capping initial intake at 15% of cohort places to preserve the integrity of the established selection methodology.;A;substantive_compliant;;;;
ge_next_ee_028;equal_economy;Diogo Almeida, Head of People at a Lisbon-based hospitality group with 1,800 employees across 12 properties, identifies during the Pay Transparency Directive readiness exercise that the group's tip-pooling arrangements vary across properties — at six properties tips are pooled equally, at six others tips accrue individually. Female-dominated housekeeping and back-of-house staff at the six individual-tip properties earn 22% less than peers at the pooled-tip properties for equivalent hours. The general managers regard tip arrangements as a property-level operational matter.;Recommend tip-pooling as best practice across properties through the next general-managers conference, allow each property to decide on its own implementation timeline, and revisit the topic in 18 months once early adopters have generated operational evidence.;Publish a group-wide 'fair tips' policy on the careers website and the corporate sustainability portal, signed by the COO, framing tip-pooling as a flagship Pay Transparency Directive readiness commitment.;Roll out a digital tipping platform across all properties to capture cashless-tip volume more accurately and improve the group's customer-experience analytics.;Bring tip arrangements within the scope of the group's pay-structures review under Article 4 of Directive (EU) 2023/970, harmonise tip-pooling rules across properties with documented gender-impact analysis, and integrate the harmonised arrangement into the group's collective bargaining negotiations as a non-discretionary element of remuneration.;D;substantive_compliant;;;;
ge_next_ee_029;equal_economy;Réka Szabó, HR Director at a Budapest-based media group with 670 employees, finds that the group's freelance-contributor pool is structurally bimodal: men receive 71% of the high-paying long-form contracts, women receive 78% of the low-paying short-form and routine-content contracts. The freelance pool falls outside the Pay Transparency Directive's employee-coverage scope but inside the group's CSRD value-chain reporting boundary. A women-journalists collective is preparing a discrimination complaint to the national equal-treatment authority.;Establish a documented gender-neutral commissioning rubric that ties contract type to deliverable specification rather than commissioner-discretion patterns, audit the past 24 months of commissioning decisions for gender disparity and remediate identified gaps through targeted commissioning, and disclose the rubric and outcomes under the group's CSRD value-chain reporting in line with the Strategy's mainstreaming approach.;Introduce a soft-target indicator for editors to consider gender balance in their commissioning patterns and commission an external benchmark study against peer publishers before recommending more structural intervention.;Establish a 'women voices' editorial collective with dedicated commissioning budget and a high-profile launch tied to International Women's Day coverage, framed as a CSRD value-chain initiative.;Restructure the group's freelance-payment platform to consolidate processing across publications and reduce per-contract administrative cost.;A;substantive_compliant;;;;
ge_next_ee_030;equal_economy;"Kaja Møller, People Director at an Oslo-based offshore-services firm with 740 employees, identifies that the firm's offshore-rotation pattern (28 days on / 28 off) is incompatible with the Work-Life Balance Directive's flexible-working entitlements as transposed into Norwegian law via the EEA framework. Internal data show 11 women have rotated off offshore roles in 18 months citing schedule incompatibility with shared care responsibilities; meanwhile the firm's offshore-pay premium is 42% above onshore equivalents — a structural pay gap that compounds the pattern.";Launch a 'families offshore' employer-branding programme featuring the firm's commitment to work-life balance for offshore workers, in line with the Work-Life Balance Directive.;Negotiate improved offshore-medical-evacuation coverage as part of the next round of insurance-broker tenders.;Maintain the standard 28/28 rotation as the default and grant case-by-case requests for split rotations on a discretionary basis subject to operational feasibility and supervisor approval.;Pilot a documented split-rotation pattern (14 days on / 14 off) for offshore roles where operationally viable, ring-fence offshore-equivalent pay premiums for split-rotation participants in line with Article 9 of the Work-Life Balance Directive (EU) 2019/1158 (right to request flexible-working arrangements) and the equal-pay principle of Article 157 TFEU, and document the trial methodology and outcomes for industry-wide reference.;D;substantive_compliant;;;;
ge_next_lp_021;leadership_participation;"Sigrid Lindqvist, Company Secretary at a Stockholm-listed multinational holding (board: 12 members, currently 33% female non-executive directors), is preparing the firm's response to two simultaneous developments: the 30 June 2026 Women on Boards Directive deadline, and the proposed merger with a smaller listed firm whose board is 8% female. The merger draft term sheet preserves the smaller firm's board representation as a 'cultural continuity' clause; institutional shareholders representing 18% of equity have flagged concerns.";Issue a joint statement from both boards reaffirming the combined entity's commitment to diversity and inclusion, and announce a flagship 'women in leadership' speaker series sponsored by the merged firm.;Preserve the 'cultural continuity' clause for an 18-month transition period and commit to align the combined board with the directive at the first natural director-term expiry post-integration, documenting the deferral as an exceptional integration measure.;Strengthen the merger's governance package by adding two new independent non-executive directors with deep sector expertise to the combined-entity board.;Renegotiate the merger term sheet to require the combined-entity board to meet the 40% target for non-executive directors of the under-represented sex by 30 June 2026 in line with Article 5 of Directive (EU) 2022/2381, replace the 'cultural continuity' clause with a documented integration-plan committee tasked with combined-entity director recruitment under Article 4, and disclose the trajectory to the merger-approval shareholder meeting.;D;substantive_compliant;;;;
ge_next_lp_022;leadership_participation;Tomáš Procházka, Head of Group Governance at a Prague-listed industrial group, observes that while the group's main-board non-executive director composition is at 38% (one short of the directive target with one director term expiring in 2026), the group's three operating-subsidiary boards — through which actual operational power flows — have between 0 and 18% female non-executive directors. The directive applies to the listed parent entity only, but the group's CSRD report consolidates governance disclosure across the structure.;Publish a group-wide governance charter committing to the spirit of the Women on Boards Directive across all subsidiaries, with a section in the integrated annual report explicitly mapping subsidiary-level practice against the directive's articles.;Prioritise main-board compliance with the directive deadline as the binding regulatory obligation, and maintain subsidiary-board composition decisions at the discretion of the operating-CEO of each subsidiary subject to a high-level group governance code.;Commission an independent review of the group's subsidiary-board governance effectiveness, with recommendations on board-meeting frequency and committee structures.;Extend the spirit of Directive (EU) 2022/2381 voluntarily to the operating-subsidiary boards by adopting documented gender-balance targets at subsidiary level mirroring the 40% non-executive-director target, integrate the subsidiary-level targets into the group's CSRD ESRS S1 disclosure on workforce diversity, and replace the upcoming main-board vacancy with a director of the under-represented sex to clear the directive threshold.;D;substantive_compliant;;;;
ge_next_lp_023;leadership_participation;Aurélie Fontaine, Chief of Staff at a Paris-listed insurance group, finds two compounding issues ahead of the 2026 Women on Boards deadline: the existing nominations committee has interpreted Article 5 of the directive as permitting a 'qualifications equivalence' override that has been used to justify three consecutive male appointments since 2023, and a recent governance review concluded that this interpretation does not survive scrutiny. The CEO has signalled support for a fourth such appointment at the next AGM.;Reject the proposed fourth appointment, issue an updated nominations-committee charter clarifying that Article 5(2) of Directive (EU) 2022/2381 requires equal-qualification candidates of the under-represented sex to be given priority, document the appointment rationale for every director nomination going forward as required by Article 5(4), and disclose the corrected interpretation in the corporate governance statement.;Strengthen the nominations committee's independence by introducing a rotating external advisor with deep insurance-sector expertise.;Proceed with the proposed appointment under the existing interpretation, given that the legal opinion underpinning the override has not been formally challenged, and revisit the nominations-committee charter at the next governance-review cycle.;Publish a board-diversity policy aligned with the firm's signed commitment to the 30% Club, and feature the chair of the nominations committee in an investor-relations video on the firm's commitment to the Women on Boards Directive.;A;substantive_compliant;;;;
ge_next_lp_024;leadership_participation;Mohammad Al-Rashid, Head of Talent at a Dublin-listed pharmaceutical group, finds that while the main board has reached 41% female representation, the executive committee remains 11% female (1 of 9), and the natural successor pool to the executive committee — 28 director-1 leaders — is 14% female. A shareholder ESG-engagement letter has cited the inversion as evidence that Women on Boards Directive compliance is being treated cosmetically.;Reorganise the executive committee's portfolios to better align with the firm's three-year strategic plan and improve cross-functional decision-making.;Launch a high-profile 'women lead pharma' initiative including external advisory-board appointments for senior women in the director-1 cohort and a flagship internal mentoring programme paired with the existing chair-and-CEO sponsorship.;Establish a documented executive-committee succession plan with a target of at least 40% representation of the under-represented sex by 2028 mirroring the Women on Boards Directive trajectory at executive level, undertake a structured pipeline-development programme for senior women in the director-1 cohort, and disclose succession-pipeline gender data annually under ESRS S1 of the firm's CSRD report.;Commit to fill the next two executive-committee vacancies with female candidates as natural attrition occurs, while preserving the existing succession-planning approach for other roles to avoid disruption.;C;substantive_compliant;;;;
ge_next_lp_025;leadership_participation;"Eleni Christou, Head of People at an Athens-listed retail group with 6,200 employees, reviews two concurrent issues: the firm's franchise network — 340 outlets — operates under a 'preferred manager profile' template that has produced a 22% female franchise-manager rate against a 51% female applicant rate, and the firm's directly-owned-store regional-manager appointments have an 18% female rate against a 49% female store-manager candidate pool. The directive's 40% target applies to listed-parent-board level; the franchise and regional-manager populations sit below the threshold but inside the firm's broader gender-mainstreaming commitments.";Migrate the franchise-management software to a unified national platform to improve operational visibility across the network.;Showcase the firm's small but high-performing cohort of female regional managers and franchise managers in the firm's investor day and on the group's careers website.;Apply the new selection rubric prospectively to vacant positions as they arise through natural attrition and refresh the 'preferred manager profile' template to remove the most overtly stereotyped language.;Replace the 'preferred manager profile' template with a documented competence-based selection rubric mirroring the spirit of Article 4 of Directive (EU) 2022/2381 (gender-neutral selection criteria) at all leadership tiers below board level, audit the past three years' franchise and regional-manager appointments for unexplained variance, and integrate the leadership-pipeline gender data into the firm's annual sustainability statement.;D;substantive_compliant;;;;
ge_next_lp_026;leadership_participation;Lukas Brandt, Head of Corporate Governance at a Vienna-listed energy utility, identifies that the supervisory board has reached 40% female representation but the management board (Vorstand) — which under Austrian dual-board governance carries primary executive authority — is 0% female (4 men), and that the Austrian transposition of Directive (EU) 2022/2381 explicitly applies to the supervisory board but is silent on the management board. Three management-board terms expire over the next 24 months.;Treat the supervisory-board 40% achievement as the binding directive-level outcome and address management-board composition through natural attrition and the existing succession-planning process led by the supervisory board.;Adopt a documented management-board renewal plan targeting at least 40% representation of the under-represented sex on the management board by the conclusion of the three upcoming term expiries, in alignment with the spirit and the textual recital of Directive (EU) 2022/2381 and the EU Strategy's commitment to gender-balanced leadership in management positions, and disclose the trajectory in the corporate governance statement.;Issue a joint statement from the supervisory and management boards committing to gender-balanced leadership across both governance tiers, framed against the Strategy's 50%-by-2024 internal benchmark for the European Commission's own management.;Restructure the supervisory-board committee architecture to introduce a dedicated transition committee aligned with the firm's energy-transition strategy.;B;substantive_compliant;;;;
ge_next_lp_027;leadership_participation;"Patrik Novák, Group HR Director at a Bratislava-listed IT-services firm operating in Slovakia, Czechia and Romania, finds that the firm has used the directive's alternative reporting regime under Article 6 (procedural-only) for the past two reporting cycles, and that the chosen procedural targets — gender-balanced shortlists, structured interviews — have been formally adopted but not implemented in practice (audit shows zero gender-balanced shortlists submitted in the past 12 months). The 30 June 2026 substantive deadline approaches; the chairman's preferred course is to remain on the procedural regime.";Switch from the Article 6 procedural-only regime to substantive 40% target compliance under Article 5 of Directive (EU) 2022/2381, given the documented implementation gap, develop a board-renewal plan to reach the 40% target by 30 June 2026 with quarterly progress reporting to the nominations committee, and disclose both the regime change and the underlying implementation gap in the corporate governance statement.;Maintain the procedural-only regime, tighten the nominations-committee secretariat's enforcement of the gender-balanced-shortlist requirement, and treat the implementation gap as a process-control issue to be addressed through the existing internal-audit cycle.;Strengthen the existing Article 6 procedural commitments by adding additional reporting metrics and external auditor attestation of the procedural compliance, retaining the procedural-only regime as the firm's chosen pathway.;Refresh the corporate-governance code to align with recent updates to the Slovak Corporate Governance Code published by the Bratislava Stock Exchange.;A;substantive_compliant;;;;
ge_next_lp_028;leadership_participation;Catherine O'Brien, Head of Group Strategy at a Dublin-listed financial-services group, observes that the group's executive-development programme — which feeds the C-suite — has admitted 23% women over five cohorts, that the women admitted have an 81% completion rate against a 68% male completion rate, but that women's post-completion C-suite placement rate is 11% against a 43% male rate. Internal HR data attribute the placement gap to informal sponsor-allocation patterns at executive-committee level.;Run a high-profile 'women in finance leadership' alumni network anchored in the executive-development programme, with quarterly events featuring the firm's C-suite as keynote sponsors.;Restructure the executive-development programme to include a documented post-completion sponsorship-allocation protocol with gender-balanced sponsor-mentee matching at executive-committee level, target a placement-rate parity by 2027 mirroring the European Commission's 50% gender-balance internal target, and disclose programme outcomes by gender in the firm's annual sustainability statement under ESRS S1.;Strengthen mentor-allocation transparency by introducing an opt-in registry of senior leaders willing to sponsor under-represented talent, allowing senior leaders to nominate themselves and be matched on a voluntary basis.;Extend the executive-development programme from 12 to 18 months to allow deeper engagement with the strategic-leadership content modules.;B;substantive_compliant;;;;
ge_next_lp_029;leadership_participation;Magdalena Walczak, Chief of Staff at a Warsaw-listed retail group, identifies a pattern across 11 listed firms in the same sector: all 11 boards are converging on Article 5 substantive compliance via a small pool of approximately 40 'professional non-executive directors' of the under-represented sex, who hold an average of 2.3 directorships each. The firm's nominations committee has identified one such director for the next vacancy. The director's existing portfolio is at the conventional boundary of board commitment.;Add a sector-expertise criterion to the director-skills matrix to better align future appointments with the firm's three-year strategic priorities.;Proceed with the proposed appointment given the candidate's qualifications and ready availability, and refresh the search-firm panel for the next vacancy to bring in alternative candidate sources at that point in the cycle.;Decline the proposed appointment in favour of a documented broadened director-search process that surfaces candidates from sources beyond the existing 'professional non-executive director' pool — including operational-leadership candidates, sector-adjacent expertise, and candidates from below the conventional board-experience threshold — in line with Article 4(2)(b) of Directive (EU) 2022/2381 (selection based on a comparative analysis of qualifications) rather than reliance on a narrow existing-director pool.;Proceed with the proposed appointment and concurrently announce a long-term commitment to broadening the director-pipeline through a partnership with a women-on-boards executive-search firm, framed as a multi-year directive-readiness investment.;C;substantive_compliant;;;;
ge_next_lp_030;leadership_participation;Jakob Hansen, Company Secretary at a Copenhagen-listed shipping group, faces a tactical dilemma: the firm's board has 36% female non-executive directors with one upcoming vacancy. The chairman favours appointing a male candidate with deep maritime-regulatory expertise (highly relevant to the firm's strategic priorities), arguing that the remaining vacancy after this one will allow easy compliance with Article 5 by the directive deadline. The nominations-committee minority has objected that this tactical approach inverts the directive's intent.;Strengthen the firm's regulatory-affairs function by hiring a dedicated head of maritime regulation reporting to the CEO.;Decline the chairman's proposed appointment for the current vacancy, document the rationale by reference to Article 4(2) of Directive (EU) 2022/2381 (gender-neutral selection at every appointment, not aggregated across a sequence), and develop a director-skills matrix for the joint vacancies that allows maritime-regulatory expertise to be sourced from a candidate of the under-represented sex.;Adopt a board-diversity charter committing to the spirit of the directive at every individual appointment decision, present the charter at the next AGM, and feature it on the firm's investor-relations site.;Proceed with the proposed appointment given the strategic relevance of maritime-regulatory expertise, document the rationale comprehensively per Article 5(4), and commit to filling the next vacancy with a candidate of the under-represented sex to ensure overall directive compliance by the deadline.;B;substantive_compliant;;;;
ge_next_vs_021;violence_stereotypes;"Margit Kovács, Head of Compliance at a Budapest-headquartered telecom group with 4,800 employees across Hungary, Romania, and Bulgaria, faces a complex case: a senior male engineering director is the subject of seven harassment complaints from three female reports across two countries. The Hungarian transposition of Directive (EU) 2024/1385 is operative; the Romanian transposition delays the cyberviolence provisions; the Bulgarian transposition is incomplete. The firm's internal harassment policy is the same across all three jurisdictions. One complainant has been informally encouraged by HR to accept a performance-based settlement.";Apply the local-jurisdiction standard separately in each country, accept the performance-based settlement where the local jurisdiction permits it, and revisit the group-wide harassment policy at the next compliance-cycle review once all three jurisdictions have completed transposition.;Apply the firm's internal harassment policy at the highest of the applicable national standards across all three jurisdictions, withdraw any settlement offer that includes confidentiality clauses on the underlying conduct (which Article 19 of Directive (EU) 2024/1385 requires Member States to prohibit), open a formal investigation suspending the engineering director's line authority pending outcome, and engage trauma-informed support for the complainants in alignment with the Victims' Rights Directive 2012/29/EU.;Roll out a group-wide manager-effectiveness training programme covering performance management, feedback, and team development.;Issue a group-wide leadership-conduct statement co-signed by the CEOs of the three national operating companies referencing Directive (EU) 2024/1385 and the firm's commitment to the Istanbul Convention values.;B;substantive_compliant;;;;
ge_next_vs_022;violence_stereotypes;"Cristina Ferreira, Compliance Officer at a Porto-based construction group with 2,100 directly-employed staff and 6,400 sub-contractor workers across 18 sites, has received a complaint that female sub-contractor cleaners on three sites are subject to sustained sexual harassment by sub-contractor supervisors. The firm's harassment policy applies only to directly-employed staff; the sub-contractor agreements include a generic 'compliance with applicable law' clause but no specific harassment-protection obligation. Under EU jurisprudence the firm may be jointly liable.";Encourage sub-contractors to adopt their own harassment policies through a non-binding principles document attached to existing sub-contractor agreements, and establish a quarterly review of sub-contractor reports of harassment as part of the firm's vendor-management process.;Extend the firm's harassment policy to cover all sub-contractor workers on firm-controlled sites in alignment with Article 7 of ILO Convention No. 190 (which covers all workers regardless of contractual status), introduce an immediate independent-investigation channel for sub-contractor harassment reports, embed harassment-protection obligations into the sub-contractor agreement template, and document the chain of responsibility under the value-chain due-diligence provisions of Directive (EU) 2024/1760.;Strengthen the firm's site-safety equipment standards including PPE specifications, fall-protection systems, and CCTV coverage of high-risk operational areas.;Issue a public commitment to ILO Convention No. 190 standards across the firm's full value chain and announce a flagship 'safe sites' initiative for International Day for the Elimination of Violence against Women.;B;substantive_compliant;;;;
ge_next_vs_023;violence_stereotypes;Lina Sandberg, Trust & Safety Lead at a Gothenburg-based social-media platform with 2.4 million EU users, reviews two compounding signals: female users report receiving online sexual harassment at 4× the rate of male users, and the platform's automated content-moderation system has a 31% false-negative rate on intimate-image abuse reports involving women, against an 8% false-negative rate on equivalent reports involving men. The platform is preparing for both Directive (EU) 2024/1385 transposition deadlines and the DSA Article 35 risk-mitigation obligations.;Conduct a documented risk assessment of the content-moderation system's gendered false-negative rate as a high-risk AI system under Annex III of the AI Act, retrain the moderation model with a balanced training corpus and human-review escalation for intimate-image abuse cases, integrate the mitigation into the DSA Article 35 systemic-risk-mitigation report, and align with the cyberviolence provisions of Directive (EU) 2024/1385 and the platform's Article 27 fundamental-rights impact assessment.;Tighten the moderation-rule thresholds for intimate-image abuse cases and increase human-review capacity by 15% in the moderation operations centre, treating the false-negative differential as a calibration issue addressable through operational adjustment.;Roll out new user-interface features that improve the discoverability of the platform's existing reporting tools and reduce friction in the user-report submission flow.;Publish a transparency report on the platform's commitment to combating gender-based online violence, anchored in the platform's signing of the EU Code of Conduct on Countering Illegal Hate Speech Online.;A;substantive_compliant;;;;
ge_next_vs_024;violence_stereotypes;"Henrik Johansen, HR Director at an Oslo-based offshore-vessel-operations firm with 380 employees, learns that female cadets on long offshore deployments report a pattern of 'normalised banter' that escalates to sexual harassment in approximately 22% of deployments. The firm's grievance procedure exists but requires reports to be made to the vessel master — frequently the perpetrator's social peer or implicit superior. Two cadets have left the cadet programme citing the dynamic; the maritime cadetship-funding authority has flagged the gender-attrition pattern.";Upgrade the cadet welfare offering with improved on-vessel internet connectivity, recreation facilities, and shore-leave allocation.;Run a 'respect at sea' fleet-wide campaign featuring ship-masters and cadets in posters and digital communications, anchored in the firm's commitment to the IMO Maritime Labour Convention and the Strategy's commitment to challenging stereotypes.;Tighten the existing grievance procedure with a dual-route option allowing reports to be made either to the vessel master or to the shore-side HR contact at the cadet's discretion, supported by enhanced master-effectiveness training.;Establish a documented offshore-harassment reporting protocol that bypasses the vessel-master line, including a confidential 24/7 shore-based reporting channel, mandatory shore-side investigation for reports involving senior crew, and immediate cadet-rotation-out protections, in alignment with Article 10 of ILO Convention No. 190 (on safe and effective dispute mechanisms) and the third-party-violence provisions, alongside the ISM Code's safety-management framework.;D;substantive_compliant;;;;
ge_next_vs_025;violence_stereotypes;"Federica Ricci, Director of Marketing at a Florence-based fashion retailer with 1,400 employees, faces an internal-stakeholder split over the firm's autumn campaign creative brief, which features sexualised imagery of young female models in workplace office settings. Internal HR data show the firm has had 14 sexual-harassment incidents in the past 24 months; an internal employee survey links the imagery to a 'culture of objectification.' The chief creative officer argues the imagery is a heritage element of the brand identity and central to the campaign's commercial performance.";Veto the campaign creative in its current form, adopt a documented marketing-content review policy aligned with the EU Strategy's commitment to challenging gender stereotypes in advertising and the AVMSD's Article 6 on respect for human dignity in commercial communications, integrate the policy into creative-brief sign-off as a binding gate, and brief the chief creative officer that the policy applies equally to heritage-brand and new-campaign work.;Add a new 'women in leadership at the brand' editorial track to the autumn campaign alongside the existing creative direction, increasing the visibility of senior female executives in the campaign's overall communications mix.;Soften the most overtly sexualised elements of the autumn campaign creative through a tonal adjustment in collaboration with the chief creative officer, and revisit the broader marketing-content review policy at the next brand-strategy refresh in 18 months.;Refocus the campaign's media-mix strategy to emphasise direct-to-consumer digital channels and reduce dependence on traditional out-of-home advertising.;A;substantive_compliant;;;;
ge_next_vs_026;violence_stereotypes;"Kai Brandt, Head of People at a Berlin-headquartered pharmaceutical group with 5,400 employees across the EU, faces a recurrent issue: senior male sales representatives in the German and Italian markets habitually entertain customers — predominantly male physicians — at venues where female sales representatives report repeated sexual-harassment incidents involving customers. The German works council has demanded action; the Italian operating company's general manager regards the practice as a commercial necessity. A female sales representative has just resigned citing the dynamic.";Reinforce the firm's existing code of conduct with a stand-alone customer-entertainment annex referencing ILO Convention No. 190 and Directive (EU) 2024/1385, signed by the regional sales directors as a leadership commitment.;Issue a documented group-wide customer-entertainment policy requiring all firm-organised customer events to take place at venues meeting documented respect-and-safety standards, ban firm-sponsored attendance at venues with documented harassment risk, extend the firm's harassment policy to cover firm-sanctioned customer-entertainment activities in alignment with ILO Convention No. 190's broad workplace definition, and engage the works councils in both markets on policy implementation.;Roll out an updated group-wide customer-relationship-management platform to improve sales-pipeline analytics across both markets.;Issue venue-selection guidance through the firm's commercial-operations function, recommending that customer events take place at venues without documented harassment risk, while preserving sales-representative discretion on customer-entertainment formats and frequency.;B;substantive_compliant;;;;
ge_next_vs_027;violence_stereotypes;"Anneli Korhonen, Head of Editorial at a Helsinki-based public-broadcasting service, faces two interlocking issues following the broadcaster's investigative coverage of organised-crime networks: three female reporters have received targeted online-harassment campaigns including doxxing, deepfake intimate-image generation, and coordinated platform reporting that has led to temporary social-media suspension. Internal HR has framed it as an 'editorial-risk' matter; the broadcaster's safety-of-journalists protocol does not address gendered online violence.";Issue an editorial-leadership statement condemning the harassment of journalists, anchored in the broadcaster's signing of the Council of Europe Recommendation on the protection of journalism and the safety of journalists.;Strengthen the broadcaster's overall editorial cybersecurity posture by procuring an upgraded enterprise endpoint-protection platform.;Update the safety-of-journalists protocol to address gendered online violence as a distinct workplace-safety issue, including legal-support coverage, platform-takedown coordination via Article 16 of the DSA, deepfake-removal procedures under Article 5 of Directive (EU) 2024/1385 (criminalisation of non-consensual intimate-image dissemination including deepfakes), and trauma-informed counselling provision aligned with the Victims' Rights Directive 2012/29/EU.;Activate the existing safety-of-journalists protocol on a case-by-case basis for the three live cases, and review the gender dimension of the protocol at the next annual safety-protocol refresh cycle.;C;substantive_compliant;;;;
ge_next_vs_028;violence_stereotypes;Eva Janssen, HR Director at an Amsterdam-based hospital group with 11,800 employees, identifies that 38% of female nursing staff report having experienced patient-perpetrated sexual harassment in the past 12 months, that 92% of those incidents went unreported through formal channels (most commonly because nurses regarded the dynamic as a 'normal part of the job'), and that the hospital group's existing patient-incident reporting workflow categorises such events under 'patient agitation' alongside non-gendered behaviours. A nurse-union ballot is imminent.;Add a 'gender-based agitation' sub-category to the existing patient-incident workflow and provide additional training to ward managers on de-escalation techniques for incidents involving sexual content.;Refurbish patient-facing nursing stations across the group to improve the work environment and reduce nurse fatigue.;Reclassify patient-perpetrated sexual harassment as a distinct workplace-safety incident category in the patient-incident reporting workflow, introduce a documented response protocol including trained shore-side patient-incident response leads, post-incident counselling, and an explicit nurse-led right to refuse to provide non-emergency care to patients with documented incidents, in alignment with Article 7 of ILO Convention No. 190 and the workplace-safety provisions of EU Framework Directive 89/391/EEC.;Run a hospital-wide 'respect for caregivers' communications campaign anchored in the hospital group's commitment to ILO Convention No. 190, with messaging displayed in patient-facing areas.;C;substantive_compliant;;;;
ge_next_vs_029;violence_stereotypes;Tomáš Bednár, Head of HR at a Prague-based logistics firm with 1,650 employees, learns that the firm's third-party recruitment vendor — used for high-volume warehouse hiring — has been screening female applicants for marital status and pregnancy intentions in informal pre-screening calls, a practice that violates EU equal-treatment law. The vendor's contract is on auto-renewal in 60 days. The HR director defends the vendor's commercial track record.;Suspend the vendor's pre-screening operations pending a documented compliance investigation, terminate the vendor contract for material breach if the investigation confirms the practice, replace the vendor's pre-screening process with a documented competence-only screening framework consistent with Article 4 of Directive 2006/54/EC (the Recast Equal Treatment Directive) and Article 4 of Directive (EU) 2023/970 (gender-neutral selection criteria), and report the incident to the firm's compliance committee and external auditor.;Issue a formal warning to the vendor with a 90-day cure period, monitor the vendor's screening practices through the next two recruitment cycles before deciding on contract continuation, and document the case in the firm's vendor-risk register.;Migrate the firm's applicant-tracking system to a more efficient cloud platform with stronger candidate-pipeline analytics.;Issue an updated vendor code of conduct referencing Directive 2006/54/EC and the Pay Transparency Directive, require all third-party recruitment vendors to sign the updated code, and feature the code on the firm's procurement portal.;A;substantive_compliant;;;;
ge_next_vs_030;violence_stereotypes;Helena Nilsson, Head of Communications at a Malmö-based EU-funded media-literacy NGO, has been asked by the NGO's largest donor to deliver a campaign on online violence against women, but the donor's strategic communications team has insisted on a creative direction that emphasises individual women's resilience and self-protection strategies, rather than the structural and platform-accountability dimensions covered by Directive (EU) 2024/1385. The donor framing is endorsed by the NGO's communications director on engagement-metric grounds.;Deliver the campaign in the donor's preferred creative direction with strong production values, framing the emphasis on individual resilience as a complementary track to the NGO's broader policy-advocacy work.;Compromise on a hybrid campaign creative — 70% individual-resilience messaging per donor preference, 30% structural-intervention messaging consistent with the NGO's policy stance — and document the trade-off in the campaign-evaluation report.;Renegotiate the campaign creative direction with the donor to centre platform-accountability, structural intervention, and the criminalisation provisions of Directive (EU) 2024/1385 (Articles 5 to 9) alongside victim-resilience messaging, ground the campaign in the Victims' Rights Directive 2012/29/EU's framing of victims' rights, and document the methodology in alignment with the EU Strategy's commitment to addressing online violence as a structural rather than individual issue.;Strengthen the NGO's general media-monitoring capability by procuring an upgraded media-intelligence platform.;C;substantive_compliant;;;;
ge_next_mi_021;mainstreaming_intersectionality;"Marta Vukmir, Head of People Analytics at a Zagreb-based banking group with 3,400 employees across Croatia, Slovenia and Bosnia, is preparing the group's CSRD-aligned ESRS S1 disclosure on workforce diversity. The current disclosure plan reports on gender alone; senior leadership has resisted disaggregation by ethnicity (Roma, Bosniak, Albanian minorities) and disability on cost grounds. Internal grievance data show that Roma women face documented compounding barriers in branch-level promotion, an effect invisible in single-axis reporting.";Modernise the bank's HR-information-system to consolidate workforce reporting across the three jurisdictions on a single cloud platform.;Continue gender-only disaggregation for the current CSRD reporting cycle and commission an internal feasibility study on intersectional data collection to inform the next reporting cycle's scope.;Add an 'intersectionality' narrative section to the ESRS S1 disclosure referencing the Strategy's intersectional framework and the firm's commitment to the Council of Europe Roma Strategic Action Plan.;Adopt intersectional disaggregation (gender × ethnicity × disability) in the ESRS S1 disclosure, introduce safeguarded data-collection protocols compliant with GDPR Article 9 (special-category data), align the disclosure framework with the Strategy's intersectional commitment to addressing the situation of Roma women specifically, and integrate the intersectional findings into the bank's anti-discrimination training and branch-management performance review.;D;substantive_compliant;;;;
ge_next_mi_022;mainstreaming_intersectionality;Elena Rusu, Sustainability Director at a Bucharest-based industrial conglomerate, faces a layered CSRD challenge: the firm's value chain includes Bangladeshi garment suppliers (predominantly women workers), Romanian agricultural seasonal labour (mixed migrant workforce), and Italian luxury sub-contractors (older female craftworkers). The current ESRS-aligned materiality assessment treats gender equality as a workforce metric for direct employees only. The CSDDD transposition deadline approaches.;Expand the materiality assessment to include intersectional gender-equality impacts across the full value chain — gender × migration status (Bangladeshi/Romanian agricultural), gender × age (Italian craftworkers), gender × ethnicity — integrate findings into supplier-engagement protocols, and disclose results under the value-chain reporting requirements of the CSRD ESRS S2 standard and the human-rights due-diligence obligations of Directive (EU) 2024/1760.;Add a section to the firm's sustainability report on the firm's commitment to women across the value chain, anchored in the Strategy's mainstreaming framework and the firm's signing of the UN Women's Empowerment Principles.;Renegotiate logistics contracts across the value chain to reduce supply-chain carbon emissions in line with the firm's net-zero commitment.;Apply value-chain gender-equality assessment to tier-1 suppliers only in the current reporting cycle and extend coverage to lower tiers progressively as the firm's CSDDD compliance roadmap matures.;A;substantive_compliant;;;;
ge_next_mi_023;mainstreaming_intersectionality;"Jens Mortensen, Strategic Planning Lead at a Copenhagen-based regional health agency, is reviewing two policy strands due for refresh: the cardiovascular-care pathway (which published evidence shows under-recognises symptoms in women, particularly older women and women of South Asian descent) and the perinatal mental-health pathway (which under-serves teen mothers and migrant mothers). The agency's current quality-improvement framework treats gender, age, and ethnicity as separate streams; the chief clinical officer is sceptical of integrated intersectional design.";Publish a thematic public-health report on women's cardiovascular and perinatal mental health, anchored in the Strategy and the EU's Cancer Plan, with launch event featuring senior clinical leaders.;Procure a new electronic-health-record system to streamline clinical documentation and improve overall care-pathway analytics.;Restructure both pathways using an intersectional design framework (gender × age × ethnicity) with documented disaggregated outcome metrics, train clinical staff on intersectional symptom recognition, integrate the outcome data into the agency's quality-improvement cycle, and align the redesign with the Strategy's gender-mainstreaming approach to health policy and the EU's commitment to the Beijing Platform for Action's intersectional health framework.;Pilot intersectional disaggregation in the cardiovascular pathway in the current quality cycle, evaluate the operational feasibility, and extend to the perinatal mental-health pathway only in the next cycle if the pilot produces actionable findings.;C;substantive_compliant;;;;
ge_next_mi_024;mainstreaming_intersectionality;Anna Lehtinen, Programme Director at a Helsinki-based vocational-training agency, faces a structural challenge: the agency's reskilling programmes for the green transition target unemployed workers from carbon-intensive industries, but the participant pool is 91% male, reflecting the gender composition of the affected industries. The agency's ESF+ funding documentation requires gender-mainstreaming evidence. The carbon-intensive-industry attrition pattern affects women in adjacent sectors (administration, logistics) who are not currently in the agency's outreach scope.;Modernise the agency's online-learning platform to support hybrid programme delivery and reduce delivery costs.;Run a 'women in the green transition' targeted recruitment campaign anchored in the Strategy's gender-mainstreaming approach to the European Green Deal, with high-profile events and partnership with women's-employment NGOs.;Expand the agency's reskilling-programme outreach scope to include workers in adjacent sectors affected by carbon-intensive-industry decline (administration, logistics, retail) where women are concentrated, redesign programme-eligibility criteria with intersectional consideration of gender × age × prior-sector, and integrate the redesign into the agency's ESF+ gender-mainstreaming compliance and the Just Transition Fund's gender-equality provisions under Regulation (EU) 2021/1056.;Maintain the existing eligibility criteria centred on direct carbon-intensive-industry workers, supplement with a small dedicated 'women in the transition' track funded outside the main ESF+ programme to demonstrate gender-mainstreaming intent.;C;substantive_compliant;;;;
ge_next_mi_025;mainstreaming_intersectionality;Kornelia Müller, Head of Procurement at a Vienna-based federal-state authority, is overseeing the procurement of an AI-driven welfare-eligibility-assessment system covering 280,000 beneficiaries. Vendor proposals show a 14-percentage-point gendered false-rejection differential, with a further intersectional differential affecting women with disabilities (additional 9 points) and migrant women (additional 11 points). The procurement is at the final-evaluation stage. The lead vendor's mitigation plan addresses the gender axis only.;Proceed with the lead vendor selection on the basis of the gender-axis mitigation plan, require post-deployment monitoring on the disability and migration axes through the existing vendor-management process, and revisit the intersectional procurement requirement at the next AI-Act-readiness review.;Strengthen the authority's broader procurement-governance framework by introducing a unified vendor-risk register across all departments.;Add a dedicated intersectional-fairness clause to the procurement framework anchored in the AI Act and the EU Disability Rights Strategy, and feature the requirement in the authority's published procurement principles.;Reject the lead vendor's proposal in its current form, require all final-stage vendors to submit a documented intersectional fundamental-rights impact assessment under Article 27 of Regulation (EU) 2024/1689 (the AI Act, classifying welfare-eligibility-assessment systems as high-risk under Annex III), specifying mitigation across the gender, disability and migration axes, and integrate the requirement into the procurement framework alongside the Strategy's intersectional gender-mainstreaming commitments.;D;substantive_compliant;;;;
ge_next_mi_026;mainstreaming_intersectionality;"Bartosz Lewandowski, Innovation Director at a Wrocław-based smart-city public-private partnership, faces a tension: the partnership's predictive-policing pilot has produced documented over-targeting of Roma women in three districts, an intersectional pattern not visible in the original gender-mainstreaming impact assessment which considered only the gender axis. The municipal stakeholders have flagged civil-society objections; the policing partner argues the pilot's overall accuracy metrics justify continuation.";Recalibrate the predictive-policing model with additional Roma-specific training data to address the over-targeting issue, maintain the pilot's operational continuity through the recalibration period, and report progress to the municipal stakeholders.;Procure additional municipal-data infrastructure to improve the predictive-policing pilot's data-availability footprint.;Suspend the predictive-policing pilot pending a documented intersectional fundamental-rights impact assessment under Article 27 of the AI Act (predictive-policing being explicitly prohibited or high-risk under Annex II–III depending on use case), engage civil-society representatives in the redesign, and align with both the Strategy's intersectional gender-mainstreaming framework and the Council of Europe Roma Strategic Action Plan.;Issue a partnership statement on intersectional algorithmic fairness anchored in the AI Act and the EU's commitment to the Roma Strategic Action Plan, and feature the statement at the next smart-city forum.;C;substantive_compliant;;;;
ge_next_mi_027;mainstreaming_intersectionality;Sandra Costa, Sustainability Officer at a Lisbon-based luxury-tourism group with 3,200 employees and a 14,000-strong supplier base across Portugal, Cape Verde and São Tomé, has identified that the group's CSRD value-chain disclosure must address an intersectional pattern: women in the group's African supplier base face compounding climate-vulnerability and economic-vulnerability that an apparently gender-neutral climate-resilience programme funded by the group does not reach because the programme operates through male village-head intermediaries. The CSRD reporting deadline is in 11 months.;Add a 'women's voice' advisory mechanism to the existing climate-resilience programme structure, retaining the male-intermediary delivery channel for operational continuity, and evaluate the advisory mechanism's effectiveness over a 24-month horizon.;Add a featured chapter on the climate-resilience programme to the group's annual sustainability report, anchored in the firm's commitment to the UN Women's Empowerment Principles and the Sustainable Development Goal 5.;Restructure the climate-resilience programme to operate through women's-cooperative intermediaries with documented gender-disaggregated outcome metrics, integrate the redesign into the group's CSRD ESRS E1 (climate) and S2 (value chain) disclosures, and align the methodology with both the Gender Action Plan III's gender-responsive climate-action framework and the Strategy's intersectional commitment to the situation of women in low-income partner countries.;Renegotiate the group's tour-operator contracts in the African supplier base to improve commercial terms and customer-experience alignment.;C;substantive_compliant;;;;
ge_next_mi_028;mainstreaming_intersectionality;"Maria Schmidt, Head of EU Affairs at a Brussels-based industry association representing 220 member firms across the construction sector, is coordinating the association's response to the Commission's revision of the Construction Products Regulation. The current draft response emphasises competitiveness and red-tape concerns; the gender dimension of construction-product safety (e.g. PPE design defaulting to male-body specifications, with documented injury implications for female construction workers) is absent from the draft. Two member firms have flagged the omission privately.";Expand the association's consultation response to include the gender dimension of construction-product safety — including PPE design specifications that account for female-body morphology — anchor the response in Article 8 TFEU (gender-mainstreaming clause), the Strategy's commitment to addressing gender-blind product design, and the spirit of EU Framework Directive 89/391/EEC on workplace safety, and request that the revised regulation include gender-disaggregated injury-data reporting requirements.;Schedule a high-profile association event on construction-sector competitiveness and innovation to coincide with the consultation deadline.;Add a brief paragraph to the consultation response affirming the association's commitment to gender-equal workplace safety and citing the Strategy.;Submit the existing draft on the regulatory-burden grounds prioritised by member firms, and address the gender dimension through a follow-up bilateral engagement with the responsible Commission Directorate-General.;A;substantive_compliant;;;;
ge_next_mi_029;mainstreaming_intersectionality;Eleni Vasilakis, Programme Director at a Thessaloniki-based EU-funded migration-integration programme, faces an intersectional challenge: the programme's standard intervention package — language training, employment placement, social-services referral — is poorly accessed by women migrants from third countries with documented patterns of restricted-mobility, intra-household decision-making constraints, and gender-based-violence vulnerability. Programme outcome data show 11% female participation against a regional female-migrant population of 47%. The next funding cycle is being designed.;Migrate the programme's beneficiary-management system to a unified platform shared with adjacent EU-funded integration programmes in the region.;Add a 'women migrants' track to the programme's communications materials and feature successful female-migrant alumni at the next programme stakeholder event, anchored in the Strategy and GAP III commitments.;Pilot a 'women migrants' delivery format in two centres for 12 months, evaluate effectiveness using participation and placement metrics, and decide on broader rollout based on the pilot's results in the next funding cycle.;Redesign the intervention package with documented intersectional sensitivity (gender × migration status × GBV vulnerability), introduce home-based and women-only delivery formats, integrate GBV-screening with referral pathways consistent with Directive (EU) 2024/1385 and the Victims' Rights Directive 2012/29/EU, and align the redesign with the Gender Action Plan III's intersectional approach and the Strategy's commitment to migrant women's integration.;D;substantive_compliant;;;;
ge_next_mi_030;mainstreaming_intersectionality;Robert Niemi, Director of Education at an Espoo-based municipal education authority, faces a structural pattern in the secondary-school STEM-pipeline: the authority's own data show that girls with documented learning differences (dyslexia, ADHD) are 4.2× more likely to drop out of advanced STEM tracks than peers, and that this intersectional drop-out pattern is invisible in both the gender-only data the authority reports and the disability-only data the special-needs unit reports. The next education-strategy review is in 6 months.;Modernise the authority's school-information-system to streamline parent-school communications across the secondary-school network.;Continue gender-only and disability-only reporting tracks, commission an external research piece on the intersectional drop-out pattern to inform a later education-strategy review.;Integrate intersectional analysis (gender × learning difference) into the authority's education-strategy review, redesign the secondary-school STEM-pipeline support — including documented dual-axis early-intervention protocols — and align the redesign with the EU Strategy's intersectional commitment, the European Disability Strategy 2021-2030, and the Council Resolution on a Strategic Framework for European Cooperation in Education and Training (ET 2030).;Launch a 'girls with learning differences in STEM' showcase featuring the authority's small but high-performing cohort of role models, anchored in the Strategy and the European Disability Strategy.;C;substantive_compliant;;;;
ge_next_fg_021;funding_global_action;"Inès Bouchard, Director of Programmes at a Paris-based EU-funded development consortium operating in the Sahel, is preparing the consortium's response to a complex funding opportunity blending NDICI-Global Europe geographic-programme funds, EIB climate-finance facility funds, and bilateral French AFD funds for a large-scale women's-economic-empowerment-and-climate-resilience programme. The current proposal applies the GAP III framework to the NDICI portion only; the EIB and AFD portions follow donor-specific gender frameworks that are partially incompatible.";Strengthen the consortium's overall financial-management framework by procuring an upgraded multi-currency project-accounting platform.;Issue a flagship consortium-level commitment to GAP III as the consortium's gender-equality framework of reference, anchored in the EU Strategy's external-action mainstreaming commitments, and feature the commitment in the funding application's executive summary.;Apply GAP III to the NDICI-Global Europe portion only as legally required, document the EIB and AFD portions' alignment with their respective donor-specific gender frameworks, and propose a harmonisation roadmap for the next funding cycle.;Harmonise the gender-equality framework across all three funding streams using GAP III as the binding floor, document the harmonised framework with shared gender-disaggregated outcome indicators, integrate the harmonisation into the consortium's monitoring-and-evaluation methodology, and align with the Commission's commitment that 85% of new external-action programmes carry a G1 or G2 gender marker under GAP III's targets.;D;substantive_compliant;;;;
ge_next_fg_022;funding_global_action;"Marek Wójcik, Senior Programme Officer at a Warsaw-based EU-funded enlargement-policy facility supporting Western Balkans pre-accession partner countries, faces a complex situation: the facility's gender-mainstreaming programming in one partner country has been hindered by the partner-country government's recent legislative restriction on civil-society organisations working on gender-based violence. The Commission's GAP III framework requires partner-country alignment with the EU acquis; the facility's bilateral counterparts have requested that the facility de-emphasise the gender-equality dimension to preserve operational access.";Strengthen the facility's operational presence by opening a new field office in the partner country to improve programme delivery efficiency.;Adjust the facility's gender-equality programming language to a less politically-sensitive framing focused on women's economic empowerment rather than gender-based violence, preserving operational access while continuing to fund underlying gender-equality activities through neutrally-framed programmes.;Issue a facility-level statement reaffirming the EU's commitment to gender equality in pre-accession partner countries, anchored in GAP III and the EU Strategy, and feature the statement at the next regional ministerial conference.;Refuse to de-emphasise the gender-equality dimension, condition continued bilateral cooperation on partner-country progress against documented gender-equality acquis-alignment milestones tied to disbursement under GAP III's results-based framework, redirect facility funding to civil-society organisations working on gender-based violence under the facility's CSO funding window, and align with the Strategy's commitment that gender equality is a core EU value not subject to partner-country bilateral negotiation.;D;substantive_compliant;;;;
ge_next_fg_023;funding_global_action;"Sofia Kalogerou, EU Trade Officer at an Athens-based foreign-affairs ministry secretariat, is leading the technical-level negotiation of the trade-and-sustainable-development chapter of an EU bilateral free-trade agreement with a partner country whose textile sector is heavily dependent on female labour with documented poor labour conditions. The current draft chapter includes generic ILO-core-conventions language; civil-society stakeholders have requested specific Convention No. 190 (violence and harassment) and Convention No. 100 (equal pay) commitments tied to dispute-settlement.";Advocate for the inclusion of specific binding commitments on ILO Conventions No. 190 (violence and harassment) and No. 100 (equal pay) tied to the trade-and-sustainable-development chapter's dispute-settlement mechanism, alongside gender-disaggregated trade-impact monitoring with civil-society advisory input, in alignment with the EU Strategy's commitment to integrating gender into the EU's external trade policy and the Commission's 2022 review of trade-and-sustainable-development chapters.;Retain the generic ILO-core-conventions language in the trade-and-sustainable-development chapter, complement with a non-binding side-letter on gender-equality cooperation activities, and revisit specific Convention No. 190 commitments at the agreement's first review cycle.;Insert a strong recital and a flagship 'gender equality and trade' clause in the agreement's preamble citing the EU Strategy and GAP III's commitment to women in the global value chain.;Strengthen the agreement's customs-procedures chapter to reduce trade frictions for SME exporters in both jurisdictions.;A;substantive_compliant;;;;
ge_next_fg_024;funding_global_action;"Carlos Méndez, Climate-Finance Officer at a Madrid-based development-finance institution managing EU-blended-finance facilities for renewable-energy investments in low-income countries, identifies a structural pattern: the facility's pipeline of large-scale solar-and-wind projects has documented displacement effects on women smallholders whose tenure rights are weaker than men's, with no current mitigation in the facility's project-screening framework. The CSDDD transposition deadline approaches; the facility's annual investor letter highlights climate-finance volume.";Apply intersectional gender-and-tenure-rights screening to greenfield projects only, exempt brownfield-expansion projects from the requirement on the grounds that tenure issues are typically resolved at the original-project-structuring stage, and document the proportionate-application principle in the facility's screening guidelines.;Strengthen the facility's overall project-pipeline development by opening a new regional origination office in the principal partner-country market.;Add a featured 'gender-responsive climate finance' chapter to the facility's annual investor letter, anchored in GAP III and the Sustainable Development Goal 5, with case-study coverage of a flagship women-led-cooperative investment.;Integrate documented intersectional gender-and-tenure-rights screening into the facility's project-evaluation framework, require all pipeline projects above a defined threshold to demonstrate gender-responsive land-acquisition and benefit-sharing in alignment with the Voluntary Guidelines on the Responsible Governance of Tenure (FAO 2012), GAP III's commitment to gender-responsive climate-action programming, and the value-chain due-diligence framework of Directive (EU) 2024/1760 (CSDDD).;D;substantive_compliant;;;;
ge_next_fg_025;funding_global_action;"Aino Lehtonen, Senior Adviser at a Helsinki-based bilateral-development-cooperation agency that publishes a feminist foreign policy, is reviewing the agency's bilateral cooperation portfolio with a strategic-partner country whose recent shift in domestic legislation has restricted reproductive-rights access — a development incompatible with the agency's published feminist foreign policy and with GAP III's bodily-autonomy commitments. The bilateral framework agreement has 36 months left to run; the partner country's government has requested unrelated programme-volume increases.";Acknowledge the legislative-change concern through diplomatic-channel dialogue, preserve the existing bilateral programme structure to maintain leverage and operational continuity, and revisit the bilateral framework's gender-equality commitments at the natural framework-renewal cycle in 36 months.;Engage the partner-country government bilaterally on the reproductive-rights legislation through the framework agreement's policy-dialogue mechanism, redirect a defined portion of the bilateral programme volume to civil-society organisations working on sexual-and-reproductive-health-and-rights, condition future programme-volume increases on documented progress against bodily-autonomy commitments under GAP III's results-based framework, and document the approach in the agency's next feminist-foreign-policy implementation report.;Increase the agency's public-diplomacy footprint in the partner-country market through a programme of cultural-diplomacy events and academic-exchange partnerships.;Issue a high-profile statement reaffirming the agency's feminist foreign policy and GAP III commitments at the next bilateral programme-review meeting, with parallel coverage in the agency's annual report.;B;substantive_compliant;;;;
ge_next_fg_026;funding_global_action;"Pedro Almeida, Programme Director at a Lisbon-based EU-funded humanitarian-aid implementing agency operating in three protracted-crisis contexts (one Sub-Saharan, two Middle Eastern), has identified that the agency's emergency-response packages incorporate the IASC Gender with Age Marker but consistently score Code 2 (gender-aware) rather than Code 3 or 4 (gender-sensitive or gender-responsive), against GAP III's stated 80%-Code-3-or-4 target. The implementation gap has persisted for three reporting cycles; the agency's funding-renewal proposal is due.";Issue a flagship agency-level commitment to Code-3 or higher across all responses, anchored in GAP III and the EU's humanitarian-aid gender policy, and feature the commitment in the funding-renewal proposal's introduction.;Tighten the agency's existing IASC Gender with Age Marker scoring methodology and introduce additional senior-management review of the scoring outcomes to drive the agency's average score upward through process discipline rather than design-stage redesign.;Restructure the agency's response-design protocols to embed Code-3 / Code-4 IASC Gender with Age Marker requirements as design-stage criteria rather than post-hoc scoring, train country-team staff on intersectional response design with explicit GBV-prevention components consistent with the Inter-Agency Minimum Standards for Prevention and Response to GBV in Emergencies, and integrate the redesign into the funding-renewal proposal under GAP III's gender-responsive humanitarian framework and the Commission's humanitarian-aid gender policy.;Modernise the agency's response-tracking software to improve real-time operational visibility across the three crisis contexts.;C;substantive_compliant;;;;
ge_next_fg_027;funding_global_action;Anna Nilsson, Senior Programme Officer at a Stockholm-based EU-funded peace-and-security programme working in fragile-state contexts in the Sahel and the Horn of Africa, faces a layered challenge: the programme's women-in-mediation track has reached 24% women's representation on programme-supported mediation tables, against the GAP III 30% benchmark and the UNSCR 1325 framework's broader spirit. Two of the programme's largest tracks have not yet integrated the Code of Conduct on Sexual Exploitation, Abuse and Harassment (PSEAH).;Adopt a documented women-mediators initiative across all programme tracks targeting 30% women's representation by 2027 in alignment with GAP III's women-peace-and-security commitments and UNSCR 1325, integrate PSEAH compliance as a binding requirement for all programme partners with documented incident-response protocols aligned with the IASC Six Core Principles, and integrate the dual reform into the programme's next results-framework reporting cycle.;Strengthen the programme's operational-security infrastructure across the Sahel and Horn of Africa contexts by upgrading the programme's incident-tracking and personnel-safety platform.;Issue a high-profile programme-level commitment to UNSCR 1325 implementation and PSEAH compliance, anchored in GAP III and the EU's WPS framework, and feature the commitment at the next regional WPS conference.;Maintain the existing women-mediators track structure and PSEAH-implementation timeline as set in the current programme cycle, integrate the GAP III 30% benchmark and PSEAH alignment as targets for the next programme cycle, and document the proportionate-uptake rationale.;A;substantive_compliant;;;;
ge_next_fg_028;funding_global_action;Marianna Kostopoulou, EU-Affairs Officer at a Brussels-based development-bank-administered facility funding SME-credit-line programmes in Eastern Partnership countries, faces a tension: the facility's borrower-screening framework includes gender-disaggregated tracking and a target of 40% loans to women-owned SMEs by 2027 under GAP III, but recent partner-bank reporting shows that 'women-owned' is being defined narrowly (sole-proprietorship only), excluding women-led but joint-ownership SMEs which are 4× more numerous in the regional market. The facility's 2027 target is at risk.;Strengthen the facility's overall partner-bank engagement framework by introducing standardised quarterly partner-bank business-review meetings.;Maintain the existing 'women-owned SME' definition for the current reporting cycle to preserve year-on-year comparability, refresh the definition for the next reporting cycle once the 2027 target compliance trajectory is clearer, and document the conservative-definition rationale.;Issue a facility-level commitment to the 2X Challenge gender-finance criteria and GAP III, anchored in the EU's broader gender-finance leadership framework, and feature the commitment at the next regional partner-bank conference.;Revise the facility's 'women-owned SME' definition to include both women-sole-proprietorship and women-led joint-ownership SMEs (women holding majority equity or operational leadership) in alignment with the IFC and 2X Challenge gender-finance criteria and GAP III's broader women's-economic-empowerment framework, integrate the revised definition into the facility's partner-bank reporting requirements, and document the revision in the facility's next EU-Council-of-Ministers reporting cycle.;D;substantive_compliant;;;;
ge_next_fg_029;funding_global_action;Tomáš Horák, Programme Coordinator at a Prague-based EU-funded human-rights programme operating globally, faces a complex situation: the programme's small-grants window for women-led civil-society organisations under GAP III has been targeted by a coordinated counter-mobilisation campaign in three operating countries, with women-human-rights-defender grantees facing escalating threats including SLAPP litigation, social-media harassment campaigns, and physical-security incidents. The programme's existing security-risk-management framework treats general civil-society security risk but not gender-specific threats.;Strengthen the programme's overall grant-administration efficiency by upgrading the small-grants-window management platform.;Restructure the programme's security-risk-management framework to integrate gender-specific threat analysis (including SLAPP litigation, online and offline GBV) with documented response protocols including legal-defence funding, secure-relocation provisions, and trauma-informed support, in alignment with GAP III's commitment to women human-rights defenders, the EU's Guidelines on Human Rights Defenders, the Anti-SLAPP Directive (Directive (EU) 2024/1069), and the Victims' Rights Directive 2012/29/EU.;Issue a high-profile programme-level statement on the protection of women human-rights defenders, anchored in GAP III and the EU's Guidelines on Human Rights Defenders, and feature the statement at the next OHCHR review cycle.;Activate the existing security-risk-management framework's general civil-society protocols on a case-by-case basis for the affected grantees, document the gender-specific threat patterns in the programme's risk register, and revisit the framework structure at the next programme-strategy review.;B;substantive_compliant;;;;
ge_next_fg_030;funding_global_action;"Linda Olsson, Climate-Finance Adviser at a Copenhagen-based bilateral development-cooperation agency, faces a complex programme-design choice: the agency is co-designing a large-scale resilience programme in a Sub-Saharan partner country where the partner-country government's national adaptation plan does not currently address the differential climate-vulnerability of women in pastoralist communities. The agency's bilateral counterpart has expressed a preference for not 'externally imposing' a gender lens on the partner-country's national plan; the agency's published feminist foreign policy requires it.";Engage the partner-country government and pastoralist civil-society organisations in a documented co-design process to integrate gender-responsive components into the partner-country's national adaptation plan, anchor the co-design in GAP III's commitment to gender-responsive climate-action programming and the UNFCCC Lima Work Programme on Gender, and align the resilience programme's funding with documented gender-disaggregated outcome indicators tied to disbursement.;Defer to the partner-country government's preferred national-adaptation-plan structure to preserve the bilateral relationship, integrate gender-responsive components through agency-funded complementary activities outside the formal national-plan structure, and document the parallel-track approach in the resilience-programme's design documentation.;Strengthen the agency's bilateral political dialogue with the partner-country government on broader regional-security and economic-cooperation issues.;Adopt a 'feminist climate diplomacy' framing for the resilience-programme launch, anchored in the agency's published feminist foreign policy, GAP III, and the UNFCCC Gender Action Plan, with high-profile launch event coverage.;A;substantive_compliant;;;;
